Method,Execution_Time_Seconds,Matrix_Size,Total_Pairs,Average_Distance
basic_kmers,39.76216459274292,25x25,300,0.01860674750367233
RR,41.52716875076294,25x25,300,0.022646949664427374
RY,39.76424503326416,25x25,300,0.02294259862070283
RY 4-6,74.44896292686462,25x25,300,0.022683518446086865
RY 4-9,320.0067958831787,25x25,300,0.022363303711842277
RY 4 push,321.04555010795593,25x25,300,0.022296927524509767
RY 4 pull,320.72386860847473,25x25,300,0.022713030210719035
Spaced Word,381.64537620544434,25x25,300,0.018876139248085236
