Method,Execution_Time_Seconds,Matrix_Size,Total_Pairs,Average_Distance
slope-spam,39.89741659164429,25x25,300,0.01860674750367233
RR,40.88465356826782,25x25,300,0.022646949664427374
RY,39.48232579231262,25x25,300,0.02294259862070283
RY 4-6,561.237895488739,25x25,300,0.022683518446086865
RY 4-9,2527.3280804157257,25x25,300,0.022363303711842277
RY 4 push,2512.0876603126526,25x25,300,0.022296927524509767
RY 4 pull,2522.488827943802,25x25,300,0.022713030210719035
Spaced Word,380.9527506828308,25x25,300,0.018980885014937398
